{
    "accuracy": 0.6029411764705882,
    "precision": 1.0,
    "recall": 0.20588235294117646,
    "f1_score": 0.34146341463414637,
    "roc_auc": 0.6029411764705882,
    "log_loss": 13.713925921508654,
    "confusion_matrix": [
        [
            34,
            0
        ],
        [
            27,
            7
        ]
    ],
    "balanced_accuracy": 0.6029411764705882,
    "f1_weighted": 0.5286264441591785,
    "f1_macro": 0.5286264441591785,
    "f1_micro": 0.6029411764705882,
    "precision_weighted": 0.7786885245901639,
    "roc_curve": {
        "fpr": [
            0.0,
            0.0,
            0.0,
            0.0,
            0.0,
            0.0,
            0.0,
            0.0,
            0.0,
            0.0,
            0.058823529411764705,
            0.058823529411764705,
            0.08823529411764706,
            0.14705882352941177,
            0.14705882352941177,
            0.17647058823529413,
            0.23529411764705882,
            0.38235294117647056,
            0.4411764705882353,
            0.47058823529411764,
            0.5294117647058824,
            0.5882352941176471,
            0.6764705882352942,
            0.7352941176470589,
            0.8235294117647058,
            0.8823529411764706,
            1.0
        ],
        "tpr": [
            0.0,
            0.08823529411764706,
            0.17647058823529413,
            0.20588235294117646,
            0.4411764705882353,
            0.5,
            0.5588235294117647,
            0.6176470588235294,
            0.7352941176470589,
            0.8235294117647058,
            0.8235294117647058,
            0.8823529411764706,
            0.8823529411764706,
            0.9411764705882353,
            1.0,
            1.0,
            1.0,
            1.0,
            1.0,
            1.0,
            1.0,
            1.0,
            1.0,
            1.0,
            1.0,
            1.0,
            1.0
        ]
    },
    "precision_recall_curve": {
        "precision": [
            0.5,
            0.5151515151515151,
            0.53125,
            0.5396825396825397,
            0.5483870967741935,
            0.576271186440678,
            0.5862068965517241,
            0.5964912280701754,
            0.6296296296296297,
            0.6415094339622641,
            0.6538461538461539,
            0.68,
            0.6938775510204082,
            0.723404255319149,
            0.7391304347826086,
            0.7555555555555555,
            0.7727272727272727,
            0.7906976744186046,
            0.8095238095238095,
            0.85,
            0.8717948717948718,
            0.8648648648648649,
            0.9090909090909091,
            0.9375,
            0.9354838709677419,
            0.9333333333333333,
            0.9655172413793104,
            1.0,
            1.0,
            1.0,
            1.0,
            1.0,
            1.0,
            1.0,
            1.0,
            1.0,
            1.0,
            1.0,
            1.0,
            1.0,
            1.0
        ],
        "recall": [
            1.0,
            1.0,
            1.0,
            1.0,
            1.0,
            1.0,
            1.0,
            1.0,
            1.0,
            1.0,
            1.0,
            1.0,
            1.0,
            1.0,
            1.0,
            1.0,
            1.0,
            1.0,
            1.0,
            1.0,
            1.0,
            0.9411764705882353,
            0.8823529411764706,
            0.8823529411764706,
            0.8529411764705882,
            0.8235294117647058,
            0.8235294117647058,
            0.8235294117647058,
            0.7941176470588235,
            0.7647058823529411,
            0.7352941176470589,
            0.6176470588235294,
            0.5882352941176471,
            0.5588235294117647,
            0.5,
            0.47058823529411764,
            0.4411764705882353,
            0.20588235294117646,
            0.17647058823529413,
            0.08823529411764706,
            0.0
        ]
    }
}