{
    "accuracy": 0.8382352941176471,
    "precision": 1.0,
    "recall": 0.6764705882352942,
    "f1_score": 0.8070175438596492,
    "roc_auc": 0.8382352941176471,
    "log_loss": 5.587155005059081,
    "confusion_matrix": [
        [
            34,
            0
        ],
        [
            11,
            23
        ]
    ],
    "balanced_accuracy": 0.8382352941176471,
    "f1_weighted": 0.8338885187652676,
    "f1_macro": 0.8338885187652676,
    "f1_micro": 0.8382352941176471,
    "precision_weighted": 0.8777777777777778,
    "roc_curve": {
        "fpr": [
            0.0,
            0.0,
            0.0,
            0.0,
            0.0,
            0.0,
            0.0,
            0.0,
            0.0,
            0.029411764705882353,
            0.029411764705882353,
            0.058823529411764705,
            0.058823529411764705,
            0.08823529411764706,
            0.08823529411764706,
            0.08823529411764706,
            0.14705882352941177,
            0.14705882352941177,
            0.23529411764705882,
            0.3235294117647059,
            0.5,
            0.5882352941176471,
            0.6470588235294118,
            0.7941176470588235,
            0.9117647058823529,
            0.9411764705882353,
            1.0
        ],
        "tpr": [
            0.0,
            0.08823529411764706,
            0.17647058823529413,
            0.4117647058823529,
            0.47058823529411764,
            0.5294117647058824,
            0.7058823529411765,
            0.7647058823529411,
            0.7941176470588235,
            0.7941176470588235,
            0.8235294117647058,
            0.8235294117647058,
            0.8823529411764706,
            0.8823529411764706,
            0.9117647058823529,
            0.9705882352941176,
            0.9705882352941176,
            1.0,
            1.0,
            1.0,
            1.0,
            1.0,
            1.0,
            1.0,
            1.0,
            1.0,
            1.0
        ]
    },
    "precision_recall_curve": {
        "precision": [
            0.5,
            0.5151515151515151,
            0.5230769230769231,
            0.5396825396825397,
            0.5573770491803278,
            0.5666666666666667,
            0.576271186440678,
            0.5862068965517241,
            0.5964912280701754,
            0.6071428571428571,
            0.6296296296296297,
            0.6415094339622641,
            0.6538461538461539,
            0.6666666666666666,
            0.7555555555555555,
            0.8095238095238095,
            0.8292682926829268,
            0.85,
            0.8717948717948718,
            0.868421052631579,
            0.8918918918918919,
            0.9166666666666666,
            0.9117647058823529,
            0.9090909090909091,
            0.9375,
            0.9354838709677419,
            0.9333333333333333,
            0.9655172413793104,
            0.9642857142857143,
            1.0,
            1.0,
            1.0,
            1.0,
            1.0,
            1.0,
            1.0,
            1.0,
            1.0,
            1.0,
            1.0,
            1.0,
            1.0,
            1.0,
            1.0,
            1.0,
            1.0,
            1.0,
            1.0,
            1.0
        ],
        "recall": [
            1.0,
            1.0,
            1.0,
            1.0,
            1.0,
            1.0,
            1.0,
            1.0,
            1.0,
            1.0,
            1.0,
            1.0,
            1.0,
            1.0,
            1.0,
            1.0,
            1.0,
            1.0,
            1.0,
            0.9705882352941176,
            0.9705882352941176,
            0.9705882352941176,
            0.9117647058823529,
            0.8823529411764706,
            0.8823529411764706,
            0.8529411764705882,
            0.8235294117647058,
            0.8235294117647058,
            0.7941176470588235,
            0.7941176470588235,
            0.7647058823529411,
            0.7058823529411765,
            0.6764705882352942,
            0.6470588235294118,
            0.6176470588235294,
            0.5882352941176471,
            0.5588235294117647,
            0.5294117647058824,
            0.47058823529411764,
            0.4411764705882353,
            0.4117647058823529,
            0.35294117647058826,
            0.29411764705882354,
            0.23529411764705882,
            0.17647058823529413,
            0.14705882352941177,
            0.11764705882352941,
            0.08823529411764706,
            0.0
        ]
    }
}