{
    "bradyrhizobium": {
        "population_size": 415,
        "precision_score": 0.9903846153846154
    },
    "sinorhizobium": {
        "population_size": 367,
        "precision_score": 0.997229916897507
    },
    "listeria": {
        "population_size": 338,
        "precision_score": 0.9968553459119497
    },
    "pseudomonas": {
        "population_size": 311,
        "precision_score": 0.9202453987730062
    },
    "xanthomonas": {
        "population_size": 297,
        "precision_score": 0.9795918367346939
    },
    "vibrio": {
        "population_size": 293,
        "precision_score": 0.9861111111111112
    },
    "aeromonas": {
        "population_size": 282,
        "precision_score": 0.989247311827957
    },
    "chromobacterium": {
        "population_size": 216,
        "precision_score": 0.995260663507109
    },
    "mycoplasmopsis": {
        "population_size": 122,
        "precision_score": 0.9916666666666667
    },
    "acidovorax": {
        "population_size": 100,
        "precision_score": 0.9607843137254902
    },
    "bordetella": {
        "population_size": 94,
        "precision_score": 0.9565217391304348
    },
    "burkholderia": {
        "population_size": 82,
        "precision_score": 0.9302325581395349
    },
    "ralstonia": {
        "population_size": 79,
        "precision_score": 0.9069767441860465
    },
    "shigella": {
        "population_size": 45,
        "precision_score": 0.803921568627451
    },
    "escherichia": {
        "population_size": 43,
        "precision_score": 0.8260869565217391
    },
    "borreliella": {
        "population_size": 41,
        "precision_score": 0.9761904761904762
    },
    "salmonella": {
        "population_size": 37,
        "precision_score": 0.5862068965517241
    },
    "photorhabdus": {
        "population_size": 36,
        "precision_score": 0.9696969696969697
    },
    "yersinia": {
        "population_size": 36,
        "precision_score": 0.7906976744186046
    },
    "edwardsiella": {
        "population_size": 34,
        "precision_score": 0.9117647058823529
    },
    "sodalis": {
        "population_size": 32,
        "precision_score": 0.96875
    },
    "arsenophonus": {
        "population_size": 31,
        "precision_score": 0.9090909090909091
    },
    "pantoea": {
        "population_size": 31,
        "precision_score": 0.9655172413793104
    },
    "rhizoctonia": {
        "population_size": 27,
        "precision_score": 0.9565217391304348
    },
    "erwinia": {
        "population_size": 25,
        "precision_score": 1.0
    },
    "chlamydia": {
        "population_size": 7,
        "precision_score": 0.11666666666666667
    },
    "citrobacter": {
        "population_size": 6,
        "precision_score": 0.3125
    },
    "hyaloperonospora": {
        "population_size": 3,
        "precision_score": 0.75
    }
}