{
    "boosting_type": "goss",
    "learning_rate": 0.089526215067072,
    "num_leaves": 32,
    "max_depth": 1,
    "min_child_samples": 17,
    "max_bin": 13,
    "colsample_bytree": 0.9280624897381733,
    "min_child_weight": 0.001704195760748134,
    "reg_alpha": 0.17200654129904785,
    "reg_lambda": 0.01636640955003707,
    "drop_rate": 0.02661637845951655,
    "max_drop": 1,
    "extra_trees": true,
    "path_smooth": 0.45808477371943884,
    "min_split_gain": 0.0
}