{
    "learning_rate": 0.12096672671374885,
    "num_leaves": 5,
    "max_depth": 9,
    "min_child_samples": 24,
    "max_bin": 86,
    "colsample_bytree": 0.19979334052847736,
    "min_child_weight": 0.0010054610175296258,
    "reg_alpha": 0.1113226784857329,
    "reg_lambda": 0.004044042377204598,
    "drop_rate": 0.10168572553448725,
    "max_drop": 1,
    "path_smooth": 0.0,
    "min_split_gain": 0.0
}